{
	"defaultSeverity": "error",
	"extends": ["tslint:latest", "tslint-react", "tslint-config-prettier"],
	"jsRules": {},
	"rules": {
		"interface-name": false,
		"interface-over-type-literal": false,
		"arrow-parens": false,
		"comment-format": [true, "check-space"],
		"ordered-imports": false,
		"object-literal-sort-keys": false,
		"member-ordering": false,
		"await-promise": false,
		"no-submodule-imports": false,
		"jsx-no-multiline-js": false,
		"quotemark": false,
		"curly": true,
		"semicolon": false,
		"no-trailing-whitespace": false,
		"no-string-literal": true,
		"no-duplicate-variable": true,
		"no-console": false,
		"no-empty": true,
		"no-eval": true,
		"no-implicit-dependencies": [false],
		"no-shadowed-variable": true,
		"jsx-wrap-multiline": false,
		"jsx-no-lambda": false,
		"trailing-comma": [false],
		"triple-equals": [true, "allow-null-check"]
	},
	"rulesDirectory": []
}
